Date,Sector,Contribution,Exposure
2019-03-31,Basic Materials,-0.0004036768155331118,0.031914893617021274
2019-03-31,Communication Services,0.0002362780850733883,0.010638297872340425
2019-03-31,Consumer Cyclical,0.005576852138782413,0.10638297872340426
2019-03-31,Consumer Defensive,0.0032316646347400656,0.0425531914893617
2019-03-31,Energy,0.0024024535534399776,0.02127659574468085
2019-03-31,Financial Services,-0.001209918314199086,0.06382978723404255
2019-03-31,Healthcare,0.00021013424160462,0.14893617021276592
2019-03-31,Industrials,0.0005018567105376947,0.06382978723404255
2019-03-31,Real Estate,0.004995762001746686,0.10638297872340426
2019-03-31,Technology,0.006798119187433889,0.2553191489361702
2019-03-31,Utilities,0.004337890796847717,0.14893617021276592
2019-04-30,Basic Materials,0.0004543631935908489,0.010638297872340425
2019-04-30,Communication Services,0.0007122269120330532,0.010638297872340425
2019-04-30,Consumer Cyclical,0.0003210043984091627,0.0851063829787234
2019-04-30,Consumer Defensive,0.0010685484788940372,0.0851063829787234
2019-04-30,Energy,-0.0025284299348955455,0.02127659574468085
2019-04-30,Financial Services,0.004864866918415206,0.07446808510638298
2019-04-30,Healthcare,-0.002878380150815573,0.1276595744680851
2019-04-30,Industrials,0.0053597638518243194,0.06382978723404255
2019-04-30,Real Estate,-0.0015195263091698542,0.0851063829787234
2019-04-30,Technology,0.01672996783246446,0.2765957446808511
2019-04-30,Utilities,0.00040418873860819255,0.15957446808510634
2019-05-31,Basic Materials,-0.00039247546773281823,0.02127659574468085
2019-05-31,Communication Services,0.0014530803992381788,0.010638297872340425
2019-05-31,Consumer Cyclical,-0.007566165075071579,0.1382978723404255
2019-05-31,Consumer Defensive,-0.0021212684760847714,0.07446808510638298
2019-05-31,Energy,-0.0010218764874352457,0.02127659574468085
2019-05-31,Financial Services,-0.0016232404272147776,0.06382978723404255
2019-05-31,Healthcare,-0.0015178449397000775,0.15957446808510634
2019-05-31,Industrials,-0.002470442543494986,0.0851063829787234
2019-05-31,Real Estate,0.002380835683570756,0.05319148936170213
2019-05-31,Technology,-0.015175230846081649,0.2872340425531915
2019-05-31,Utilities,-0.002155479669056051,0.0851063829787234
2019-06-30,Basic Materials,0.00012777469098215532,0.010638297872340425
2019-06-30,Communication Services,0.0012495206651417148,0.0425531914893617
2019-06-30,Consumer Cyclical,0.004885270340084517,0.09574468085106383
2019-06-30,Consumer Defensive,0.001736455675624035,0.07446808510638298
2019-06-30,Energy,-2.9484031969678723e-05,0.010638297872340425
2019-06-30,Financial Services,0.006273954950595692,0.0851063829787234
2019-06-30,Healthcare,0.011680815297391626,0.11702127659574468
2019-06-30,Industrials,0.011164610402976526,0.14893617021276592
2019-06-30,Real Estate,-0.0002687233321372532,0.031914893617021274
2019-06-30,Technology,0.03291786906761531,0.3617021276595745
2019-06-30,Utilities,0.0006154020068527096,0.02127659574468085
2019-07-31,Basic Materials,0.00032043964874175536,0.02127659574468085
2019-07-31,Communication Services,0.0024084151403439436,0.05319148936170213
2019-07-31,Consumer Cyclical,0.004293003026321729,0.10638297872340426
2019-07-31,Consumer Defensive,0.003937171584218038,0.09574468085106383
2019-07-31,Energy,-0.0009820834294235617,0.010638297872340425
2019-07-31,Financial Services,0.0009525128196774084,0.10638297872340426
2019-07-31,Healthcare,-0.0024847835836772436,0.11702127659574468
2019-07-31,Industrials,0.0006387364779724043,0.1276595744680851
2019-07-31,Real Estate,0.002515233804202168,0.07446808510638298
2019-07-31,Technology,0.010507486643775439,0.20212765957446804
2019-07-31,Utilities,0.00027150655285805,0.0851063829787234
2019-08-31,Basic Materials,0.00013200790947797978,0.02127659574468085
2019-08-31,Communication Services,0.0018529201168508988,0.0425531914893617
2019-08-31,Consumer Cyclical,-0.004725492575774106,0.09574468085106383
2019-08-31,Consumer Defensive,0.003755591419959752,0.06382978723404255
2019-08-31,Energy,-0.0008662761939557882,0.010638297872340425
2019-08-31,Financial Services,0.0036875844581037765,0.1276595744680851
2019-08-31,Healthcare,0.006049331397170456,0.15957446808510634
2019-08-31,Industrials,0.0016258833497317913,0.1382978723404255
2019-08-31,Real Estate,0.002626121220847567,0.031914893617021274
2019-08-31,Technology,0.0029174310037870673,0.26595744680851063
2019-08-31,Utilities,0.00399590352816769,0.0425531914893617
2019-09-30,Basic Materials,-0.0005388364688244457,0.02127659574468085
2019-09-30,Communication Services,-0.0015121881776825395,0.031914893617021274
2019-09-30,Consumer Cyclical,-0.0013686701917430106,0.0851063829787234
2019-09-30,Consumer Defensive,-0.0011924558749682648,0.07446808510638298
2019-09-30,Energy,0.0003833620854897457,0.010638297872340425
2019-09-30,Financial Services,-0.001665784093129015,0.14893617021276592
2019-09-30,Healthcare,-8.003315895509754e-05,0.1382978723404255
2019-09-30,Industrials,-0.0025072419824124954,0.0851063829787234
2019-09-30,Real Estate,-0.0008652202989625021,0.0425531914893617
2019-09-30,Technology,-0.007903967532355628,0.26595744680851063
2019-09-30,Utilities,0.002520228299462199,0.09574468085106383
2019-10-31,Basic Materials,-0.0012871534032818477,0.05319148936170213
2019-10-31,Communication Services,0.0016696631439223658,0.02127659574468085
2019-10-31,Consumer Cyclical,-0.002889616733758701,0.06382978723404255
2019-10-31,Consumer Defensive,-0.0031069304049296713,0.1276595744680851
2019-10-31,Energy,0.004016651079458402,0.010638297872340425
2019-10-31,Financial Services,0.002903981557240567,0.11702127659574468
2019-10-31,Healthcare,0.0024123325366982085,0.1276595744680851
2019-10-31,Industrials,0.001979256229035715,0.06382978723404255
2019-10-31,Real Estate,-0.001538094851924083,0.1276595744680851
2019-10-31,Technology,0.0028695338318241725,0.1702127659574468
2019-10-31,Utilities,0.00022011131003360008,0.11702127659574468
2019-11-30,Basic Materials,0.0010293078921584905,0.0425531914893617
2019-11-30,Communication Services,-0.00047597119298420853,0.031914893617021274
2019-11-30,Consumer Cyclical,0.0021051085410017617,0.09574468085106383
2019-11-30,Consumer Defensive,0.0001232919526149212,0.11702127659574468
2019-11-30,Energy,-0.0006392920235258904,0.010638297872340425
2019-11-30,Financial Services,0.0018276587077017564,0.0851063829787234
2019-11-30,Healthcare,0.011011740319195048,0.06382978723404255
2019-11-30,Industrials,0.0023302532720033816,0.07446808510638298
2019-11-30,Real Estate,-0.004339229152539502,0.1276595744680851
2019-11-30,Technology,0.01069032302223992,0.19148936170212763
2019-11-30,Utilities,-0.003607431454924029,0.15957446808510634
2019-12-31,Basic Materials,0.0005976806077618042,0.042105263157894736
2019-12-31,Communication Services,0.0025531905153976034,0.031578947368421054
2019-12-31,Consumer Cyclical,-0.0004665987984136708,0.12631578947368421
2019-12-31,Consumer Defensive,0.0006111209372365747,0.05263157894736842
2019-12-31,Energy,0.0001668375601491379,0.010526315789473684
2019-12-31,Financial Services,0.0021538377986220713,0.11578947368421054
2019-12-31,Healthcare,0.00032975302133906085,0.09473684210526316
2019-12-31,Industrials,0.005016462963929073,0.17894736842105263
2019-12-31,Real Estate,-0.0003758936984692696,0.08421052631578947
2019-12-31,Technology,0.008468774499744256,0.2105263157894737
2019-12-31,Utilities,0.0015576063660434811,0.05263157894736842
2020-01-31,Basic Materials,-0.0009726595197916884,0.042105263157894736
2020-01-31,Communication Services,3.2671092667129354e-05,0.031578947368421054
2020-01-31,Consumer Cyclical,0.004781471278725997,0.11578947368421054
2020-01-31,Consumer Defensive,-0.004118032316720838,0.05263157894736842
2020-01-31,Energy,-0.00039040486677415366,0.010526315789473684
2020-01-31,Financial Services,0.002668873895720982,0.12631578947368421
2020-01-31,Healthcare,-0.0004131938413263359,0.08421052631578947
2020-01-31,Industrials,0.003415108102237563,0.17894736842105263
2020-01-31,Real Estate,0.001434464558812098,0.042105263157894736
2020-01-31,Technology,0.009038053537185464,0.2947368421052631
2020-01-31,Utilities,0.0021369515783729977,0.021052631578947368
2020-02-29,Basic Materials,-0.0019048674425842628,0.021052631578947368
2020-02-29,Communication Services,-0.0027653152399719095,0.031578947368421054
2020-02-29,Consumer Cyclical,-0.008338362556774916,0.08421052631578947
2020-02-29,Consumer Defensive,-0.006888604215227327,0.05263157894736842
2020-02-29,Energy,-0.0010587742432578212,0.010526315789473684
2020-02-29,Financial Services,-0.010891433134225859,0.12631578947368421
2020-02-29,Healthcare,-0.006332857883607904,0.11578947368421054
2020-02-29,Industrials,-0.017623067712579186,0.18947368421052632
2020-02-29,Real Estate,-0.002081096741124346,0.031578947368421054
2020-02-29,Technology,-0.014954951432649707,0.3368421052631579
2020-03-31,Basic Materials,-0.002668045838268257,0.021052631578947368
2020-03-31,Communication Services,-0.0010452084023868402,0.021052631578947368
2020-03-31,Consumer Cyclical,-0.028940940120225994,0.09473684210526316
2020-03-31,Consumer Defensive,-0.0014729948148707883,0.042105263157894736
2020-03-31,Energy,-0.004580152671755724,0.010526315789473684
2020-03-31,Financial Services,-0.026430553915610753,0.15789473684210528
2020-03-31,Healthcare,-0.009630229158717392,0.11578947368421054
2020-03-31,Industrials,-0.03589559021695634,0.15789473684210528
2020-03-31,Real Estate,0.000951372306668522,0.010526315789473684
2020-03-31,Technology,-0.042463712072863286,0.32631578947368406
2020-03-31,Utilities,-0.004004765415814239,0.042105263157894736
2020-04-30,Basic Materials,0.0033010974213581526,0.010526315789473684
2020-04-30,Communication Services,0.002645197334597079,0.031578947368421054
2020-04-30,Consumer Cyclical,0.03063936128953058,0.09473684210526316
2020-04-30,Consumer Defensive,0.006041230821315499,0.06315789473684211
2020-04-30,Financial Services,0.01606850603254378,0.1368421052631579
2020-04-30,Healthcare,0.024518344066960806,0.1368421052631579
2020-04-30,Industrials,0.01854856827773282,0.1368421052631579
2020-04-30,Real Estate,0.004765659860558688,0.05263157894736842
2020-04-30,Technology,0.051452024269254173,0.27368421052631575
2020-04-30,Utilities,0.0014873513307129861,0.06315789473684211
2020-05-31,Basic Materials,-0.00017874146379875158,0.010526315789473684
2020-05-31,Communication Services,0.004156334823382608,0.031578947368421054
2020-05-31,Consumer Cyclical,0.00127596285955048,0.031578947368421054
2020-05-31,Consumer Defensive,0.0041750160705606686,0.08421052631578947
2020-05-31,Financial Services,0.006792923024487448,0.09473684210526316
2020-05-31,Healthcare,0.01488969356693989,0.25263157894736843
2020-05-31,Industrials,0.007707691884673415,0.06315789473684211
2020-05-31,Real Estate,0.0028734411142705774,0.06315789473684211
2020-05-31,Technology,0.034382468036752205,0.2842105263157894
2020-05-31,Utilities,0.003187370101226924,0.08421052631578947
2020-06-30,Basic Materials,0.0003528165279980021,0.021052631578947368
2020-06-30,Communication Services,0.0026900129409612363,0.042105263157894736
2020-06-30,Consumer Cyclical,0.004531199445891436,0.042105263157894736
2020-06-30,Consumer Defensive,-0.0007660938307088968,0.08421052631578947
2020-06-30,Financial Services,0.0005402556530778494,0.06315789473684211
2020-06-30,Healthcare,-0.0003551914629722955,0.32631578947368406
2020-06-30,Industrials,-0.0011927875376555284,0.06315789473684211
2020-06-30,Real Estate,-0.0003781881998829263,0.06315789473684211
2020-06-30,Technology,0.011263091766784018,0.2631578947368421
2020-06-30,Utilities,-0.0011016807870897127,0.031578947368421054
2020-07-31,Basic Materials,0.0025483061520840244,0.021052631578947368
2020-07-31,Communication Services,0.0017552153342602272,0.031578947368421054
2020-07-31,Consumer Cyclical,0.011786021693343203,0.08421052631578947
2020-07-31,Consumer Defensive,0.0018368664772456357,0.05263157894736842
2020-07-31,Financial Services,0.0046844926534116,0.08421052631578947
2020-07-31,Healthcare,0.0037116429656075442,0.2631578947368421
2020-07-31,Industrials,0.009276442180355476,0.09473684210526316
2020-07-31,Real Estate,0.0019078549177420031,0.031578947368421054
2020-07-31,Technology,0.029452636904356892,0.3368421052631579
2020-08-31,Basic Materials,0.00010572555935611891,0.021052631578947368
2020-08-31,Communication Services,0.004313903369867167,0.06315789473684211
2020-08-31,Consumer Cyclical,0.014896986323473202,0.11578947368421054
2020-08-31,Consumer Defensive,0.002994971491689459,0.05263157894736842
2020-08-31,Financial Services,0.0009768438068154107,0.0736842105263158
2020-08-31,Healthcare,0.004020587775961874,0.2210526315789474
2020-08-31,Industrials,0.007188720836495826,0.08421052631578947
2020-08-31,Real Estate,-0.0013188015416922315,0.05263157894736842
2020-08-31,Technology,0.007570302723586438,0.3157894736842104
2020-09-30,Basic Materials,-0.0005613415969824747,0.010526315789473684
2020-09-30,Communication Services,-0.003441565590459919,0.06315789473684211
2020-09-30,Consumer Cyclical,-0.002446411462429818,0.1473684210526316
2020-09-30,Consumer Defensive,0.00020805995231910733,0.031578947368421054
2020-09-30,Financial Services,-0.0021917060901266356,0.0736842105263158
2020-09-30,Healthcare,0.00011703560006354294,0.27368421052631575
2020-09-30,Industrials,-0.002516289646689937,0.06315789473684211
2020-09-30,Real Estate,-0.0006971400389649263,0.042105263157894736
2020-09-30,Technology,-0.011722437319682758,0.2842105263157894
2020-09-30,Utilities,-6.071016927679684e-05,0.010526315789473684
2020-10-31,Basic Materials,0.0010429622904745979,0.021052631578947368
2020-10-31,Communication Services,-0.0017085150327229522,0.05263157894736842
2020-10-31,Consumer Cyclical,-0.004510714212580486,0.15789473684210528
2020-10-31,Consumer Defensive,-0.0009703991649121263,0.031578947368421054
2020-10-31,Financial Services,-0.0034609743848007988,0.0736842105263158
2020-10-31,Healthcare,-0.0007427913504326634,0.2105263157894737
2020-10-31,Industrials,0.006266964950636126,0.15789473684210528
2020-10-31,Real Estate,-0.00040007192794179475,0.010526315789473684
2020-10-31,Technology,0.0012375271346954538,0.2842105263157894
2020-11-30,Basic Materials,0.003147900960266307,0.031578947368421054
2020-11-30,Communication Services,0.01675732129104667,0.0736842105263158
2020-11-30,Consumer Cyclical,0.019156331864335987,0.15789473684210528
2020-11-30,Consumer Defensive,0.0034016571787094958,0.042105263157894736
2020-11-30,Financial Services,0.00841114169405824,0.06315789473684211
2020-11-30,Healthcare,0.022380047369866336,0.2210526315789474
2020-11-30,Industrials,0.011541308095388562,0.12631578947368421
2020-11-30,Real Estate,-0.0005454223121285916,0.021052631578947368
2020-11-30,Technology,0.04075089864085951,0.2631578947368421
2020-12-31,Basic Materials,0.0013338472136289418,0.041666666666666664
2020-12-31,Communication Services,0.0018777140468942207,0.06249999999999999
2020-12-31,Consumer Cyclical,0.003692045945839526,0.15624999999999997
2020-12-31,Consumer Defensive,0.00025995748510341664,0.05208333333333333
2020-12-31,Financial Services,0.005669227397422908,0.05208333333333333
2020-12-31,Healthcare,0.005243012524076597,0.21874999999999994
2020-12-31,Industrials,0.001603705159613273,0.125
2020-12-31,Real Estate,0.0002446736536862906,0.010416666666666666
2020-12-31,Technology,0.023905267474991665,0.28125000000000006
2021-01-31,Basic Materials,0.0006125481376681885,0.03125
2021-01-31,Communication Services,5.765801335504183e-05,0.07291666666666666
2021-01-31,Consumer Cyclical,0.006061646910567263,0.13541666666666666
2021-01-31,Consumer Defensive,-0.0006773797344383218,0.041666666666666664
2021-01-31,Financial Services,-0.0018930781926116687,0.03125
2021-01-31,Healthcare,0.005088391899129094,0.17708333333333331
2021-01-31,Industrials,0.0025346229839643833,0.14583333333333331
2021-01-31,Technology,0.002043279795560406,0.36458333333333337
2021-02-28,Basic Materials,0.0017973159008539902,0.020833333333333332
2021-02-28,Communication Services,0.0034349070289920844,0.05208333333333333
2021-02-28,Consumer Cyclical,0.00437086124501257,0.13541666666666666
2021-02-28,Consumer Defensive,-0.0014363841745812372,0.041666666666666664
2021-02-28,Financial Services,0.00282938541373448,0.06249999999999999
2021-02-28,Healthcare,-0.00379442458056938,0.17708333333333331
2021-02-28,Industrials,0.011827154412395525,0.14583333333333331
2021-02-28,Technology,0.023412150615180163,0.36458333333333337
2021-03-31,Basic Materials,0.0012128399446838989,0.041666666666666664
2021-03-31,Communication Services,-0.002766861476510259,0.05208333333333333
2021-03-31,Consumer Cyclical,0.005740117898105373,0.14583333333333331
2021-03-31,Consumer Defensive,0.0015114000807390352,0.020833333333333332
2021-03-31,Financial Services,0.00173755258349647,0.05208333333333333
2021-03-31,Healthcare,-0.0044124106971648825,0.2083333333333333
2021-03-31,Industrials,0.0033767829778758,0.14583333333333331
2021-03-31,Technology,-0.006048407377800204,0.3333333333333333
2021-04-30,Basic Materials,0.00401706524057192,0.06249999999999999
2021-04-30,Communication Services,0.0028635380720327818,0.07291666666666666
2021-04-30,Consumer Cyclical,0.008498465802867875,0.14583333333333331
2021-04-30,Consumer Defensive,0.0004833122077811823,0.010416666666666666
2021-04-30,Financial Services,0.007218805571445244,0.13541666666666666
2021-04-30,Healthcare,0.009571012493702668,0.10416666666666667
2021-04-30,Industrials,0.006163617292330825,0.14583333333333331
2021-04-30,Technology,0.0043415980197354775,0.3125000000000001
2021-04-30,Utilities,0.0004510933916481739,0.010416666666666666
2021-05-31,Basic Materials,0.0051398818494815144,0.041666666666666664
2021-05-31,Communication Services,0.00048410128605998534,0.06249999999999999
2021-05-31,Consumer Cyclical,-0.0029557073370522534,0.25
2021-05-31,Consumer Defensive,0.0010251348586429426,0.010416666666666666
2021-05-31,Energy,0.004725407513116115,0.07291666666666666
2021-05-31,Financial Services,0.0106947209570914,0.16666666666666666
2021-05-31,Healthcare,-0.0005549861764029078,0.08333333333333333
2021-05-31,Industrials,0.00485146463810773,0.13541666666666666
2021-05-31,Real Estate,0.0010624488964037448,0.020833333333333332
2021-05-31,Technology,0.002615749273434367,0.14583333333333331
2021-05-31,Utilities,-0.000902377820118601,0.010416666666666666
2021-06-30,Basic Materials,-0.004440097026295233,0.05208333333333333
2021-06-30,Communication Services,0.0033104188779886122,0.03125
2021-06-30,Consumer Cyclical,-0.0012844141218402402,0.2083333333333333
2021-06-30,Consumer Defensive,0.0006803063581319897,0.010416666666666666
2021-06-30,Energy,0.0017382380032593668,0.020833333333333332
2021-06-30,Financial Services,0.013024819489467916,0.19791666666666663
2021-06-30,Healthcare,0.007133255550518818,0.05208333333333333
2021-06-30,Industrials,-0.0013908237470324593,0.2083333333333333
2021-06-30,Real Estate,3.207765717141043e-05,0.041666666666666664
2021-06-30,Technology,0.01268510318049721,0.16666666666666666
2021-06-30,Utilities,0.0002705619180217302,0.010416666666666666
2021-07-31,Basic Materials,-0.00025303228304453013,0.05208333333333333
2021-07-31,Communication Services,-0.001622383880322901,0.020833333333333332
2021-07-31,Consumer Cyclical,-0.00819344515142427,0.19791666666666663
2021-07-31,Consumer Defensive,0.0008320740171047386,0.010416666666666666
2021-07-31,Energy,-0.006151238420211031,0.041666666666666664
2021-07-31,Financial Services,-0.008539140673256375,0.23958333333333326
2021-07-31,Healthcare,0.003534689461913688,0.020833333333333332
2021-07-31,Industrials,-0.004557564250718582,0.2083333333333333
2021-07-31,Real Estate,0.00028861243769900925,0.041666666666666664
2021-07-31,Technology,-0.0006317386763310762,0.15624999999999997
2021-07-31,Utilities,-0.0008876827253489865,0.010416666666666666
2021-08-31,Basic Materials,0.0008634615463274832,0.041666666666666664
2021-08-31,Communication Services,-0.0007948254209186893,0.03125
2021-08-31,Consumer Cyclical,0.0020822348496304043,0.18749999999999997
2021-08-31,Consumer Defensive,-0.0005276120924887228,0.010416666666666666
2021-08-31,Energy,0.001667531995269675,0.03125
2021-08-31,Financial Services,0.008921911903613352,0.23958333333333326
2021-08-31,Healthcare,0.0005467750096627259,0.041666666666666664
2021-08-31,Industrials,0.010081316179477266,0.16666666666666666
2021-08-31,Real Estate,0.0012463031868664447,0.041666666666666664
2021-08-31,Technology,0.0061855059426548925,0.19791666666666663
2021-08-31,Utilities,7.47166508775177e-05,0.010416666666666666
2021-09-30,Basic Materials,-0.0026684310300038793,0.041666666666666664
2021-09-30,Communication Services,-0.00017739502508885103,0.03125
2021-09-30,Consumer Cyclical,-0.0016982388710706407,0.2083333333333333
2021-09-30,Consumer Defensive,-0.0007680286885980937,0.010416666666666666
2021-09-30,Energy,0.0057724154236665545,0.03125
2021-09-30,Financial Services,0.0011940241670527862,0.23958333333333326
2021-09-30,Healthcare,-0.0043280677326536406,0.05208333333333333
2021-09-30,Industrials,-0.005964733978983146,0.19791666666666663
2021-09-30,Real Estate,7.241432689745106e-05,0.03125
2021-09-30,Technology,-0.01037024369115804,0.15624999999999997
2021-10-31,Basic Materials,0.006344794706705145,0.041666666666666664
2021-10-31,Communication Services,0.001603250547728405,0.020833333333333332
2021-10-31,Consumer Cyclical,0.010490928899627553,0.125
2021-10-31,Consumer Defensive,-0.00032955095992405313,0.010416666666666666
2021-10-31,Energy,0.00598030966793221,0.05208333333333333
2021-10-31,Financial Services,0.016360609193841063,0.27083333333333337
2021-10-31,Healthcare,0.0020705965474074202,0.08333333333333333
2021-10-31,Industrials,0.004479265453456848,0.14583333333333331
2021-10-31,Real Estate,0.004383737398039567,0.05208333333333333
2021-10-31,Technology,0.01661744746335853,0.18749999999999997
2021-10-31,Utilities,0.0001249274161527448,0.010416666666666666
2021-11-30,Basic Materials,-0.0017738325096085979,0.041666666666666664
2021-11-30,Communication Services,-0.005602694315297035,0.041666666666666664
2021-11-30,Consumer Cyclical,-0.0007351183113957749,0.11458333333333334
2021-11-30,Consumer Defensive,-2.9593120084303124e-05,0.010416666666666666
2021-11-30,Energy,-0.004008301995645665,0.10416666666666667
2021-11-30,Financial Services,-0.014868921115325985,0.3229166666666668
2021-11-30,Healthcare,-0.006335546271621389,0.06249999999999999
2021-11-30,Industrials,-0.007911270474410072,0.11458333333333334
2021-11-30,Real Estate,-0.0018116328254276519,0.041666666666666664
2021-11-30,Technology,-1.0097824108317539e-05,0.14583333333333331
2021-12-31,Basic Materials,0.0054501289217889675,0.041666666666666664
2021-12-31,Communication Services,0.0003485226653946082,0.041666666666666664
2021-12-31,Consumer Cyclical,-0.002175737689966378,0.09375
2021-12-31,Energy,0.0036907302147686895,0.10416666666666667
2021-12-31,Financial Services,-0.002439541628685242,0.3125000000000001
2021-12-31,Healthcare,0.004648099885921567,0.06249999999999999
2021-12-31,Industrials,0.00029747852380083604,0.10416666666666667
2021-12-31,Real Estate,0.0075435403958922015,0.08333333333333333
2021-12-31,Technology,-0.005661979911038192,0.15624999999999997
2022-01-31,Basic Materials,-0.0035798445158142893,0.05208333333333333
2022-01-31,Communication Services,-0.0006866554019068937,0.010416666666666666
2022-01-31,Consumer Cyclical,-0.009968556057425318,0.08333333333333333
2022-01-31,Energy,0.01833972564896536,0.09375
2022-01-31,Financial Services,0.0018897686902536038,0.29166666666666674
2022-01-31,Healthcare,-0.008428894154240368,0.05208333333333333
2022-01-31,Industrials,-0.013168683988028184,0.13541666666666666
2022-01-31,Real Estate,-0.005016696174246719,0.06249999999999999
2022-01-31,Technology,-0.02684034878710361,0.21874999999999994
2022-02-28,Basic Materials,0.010749126585051632,0.05208333333333333
2022-02-28,Communication Services,-1.897716047213854e-05,0.010416666666666666
2022-02-28,Consumer Cyclical,-0.007146612167820217,0.11458333333333334
2022-02-28,Energy,0.009427619038220456,0.11458333333333334
2022-02-28,Financial Services,0.0013474647726710635,0.17708333333333331
2022-02-28,Healthcare,0.0003026925958761532,0.06249999999999999
2022-02-28,Industrials,0.004233373287725973,0.13541666666666666
2022-02-28,Real Estate,-0.005751351662909241,0.125
2022-02-28,Technology,-0.005342924160986447,0.2083333333333333
2022-03-31,Basic Materials,0.0069448175181214995,0.030927835051546393
2022-03-31,Communication Services,0.0003061319361129959,0.010309278350515464
2022-03-31,Consumer Cyclical,0.0004939647990178169,0.11340206185567012
2022-03-31,Consumer Defensive,0.0022165326347883567,0.020618556701030927
2022-03-31,Energy,0.011437086939314021,0.1443298969072165
2022-03-31,Financial Services,-0.005261211026912538,0.2680412371134021
2022-03-31,Healthcare,0.0020212384498367432,0.041237113402061855
2022-03-31,Industrials,0.009764539881241097,0.11340206185567012
2022-03-31,Real Estate,0.007282064638451778,0.12371134020618559
2022-03-31,Technology,0.0067156539449936496,0.12371134020618559
2022-03-31,Utilities,0.0012281043293530484,0.010309278350515464
2022-04-30,Basic Materials,-0.003553499269086994,0.05154639175257732
2022-04-30,Consumer Cyclical,-0.002239463828953136,0.041237113402061855
2022-04-30,Consumer Defensive,0.0001345274731728143,0.05154639175257732
2022-04-30,Energy,-0.001415669174916071,0.13402061855670105
2022-04-30,Financial Services,-0.016324490806072907,0.20618556701030924
2022-04-30,Healthcare,-0.00878742332498866,0.11340206185567012
2022-04-30,Industrials,-0.009939115825611229,0.16494845360824742
2022-04-30,Real Estate,-0.004449962855813401,0.07216494845360824
2022-04-30,Technology,-0.015322400383404195,0.12371134020618559
2022-04-30,Utilities,-0.0011998847420335505,0.041237113402061855
2022-05-31,Basic Materials,-0.002241158621328691,0.06185567010309278
2022-05-31,Communication Services,-3.139425514903608e-05,0.010309278350515464
2022-05-31,Consumer Cyclical,-0.0014968573265214473,0.06185567010309278
2022-05-31,Consumer Defensive,-0.0018111569650324155,0.041237113402061855
2022-05-31,Energy,0.02516479100520131,0.15463917525773196
2022-05-31,Financial Services,0.0013849840157587677,0.1443298969072165
2022-05-31,Healthcare,-0.0009520617700012957,0.12371134020618559
2022-05-31,Industrials,0.00016519441222658687,0.12371134020618559
2022-05-31,Real Estate,-0.0073266248169703615,0.08247422680412371
2022-05-31,Technology,0.002259026610074929,0.1443298969072165
2022-05-31,Utilities,0.0027945593684159152,0.05154639175257732
2022-06-30,Basic Materials,-0.009513002674061388,0.06185567010309278
2022-06-30,Consumer Cyclical,-0.006621156145667613,0.06185567010309278
2022-06-30,Consumer Defensive,-0.004037117683627771,0.11340206185567012
2022-06-30,Energy,-0.027410415929207753,0.15463917525773196
2022-06-30,Financial Services,-0.009645979241576114,0.12371134020618559
2022-06-30,Healthcare,-0.0003059222585148455,0.12371134020618559
2022-06-30,Industrials,-0.008919849871793069,0.11340206185567012
2022-06-30,Real Estate,-0.004223404948458303,0.08247422680412371
2022-06-30,Technology,-0.01311103869630801,0.10309278350515465
2022-06-30,Utilities,-0.00496520719798224,0.06185567010309278
2022-07-31,Basic Materials,0.00648534921920541,0.0510204081632653
2022-07-31,Consumer Cyclical,0.006210324152106938,0.0510204081632653
2022-07-31,Consumer Defensive,0.003993465618139376,0.08163265306122448
2022-07-31,Energy,0.015356859869315412,0.16326530612244897
2022-07-31,Financial Services,0.0006775133921183461,0.07142857142857142
2022-07-31,Healthcare,0.0010260586245361121,0.15306122448979592
2022-07-31,Industrials,0.003542721764897722,0.11224489795918366
2022-07-31,Real Estate,0.00392501311055651,0.04081632653061224
2022-07-31,Technology,0.030098038176535162,0.13265306122448978
2022-07-31,Utilities,0.007398245603553613,0.14285714285714285
2022-08-31,Basic Materials,0.0021196828127714113,0.0510204081632653
2022-08-31,Consumer Cyclical,0.0006316913725692438,0.030612244897959183
2022-08-31,Consumer Defensive,-0.004803706379471708,0.12244897959183672
2022-08-31,Energy,0.008103832678811356,0.14285714285714285
2022-08-31,Financial Services,0.002476729030022176,0.15306122448979592
2022-08-31,Healthcare,-0.0028882773647049267,0.15306122448979592
2022-08-31,Industrials,-0.001566454534875229,0.12244897959183672
2022-08-31,Technology,-0.0017246611086100335,0.04081632653061224
2022-08-31,Utilities,-0.00116328886786905,0.1836734693877551
2022-09-30,Basic Materials,-0.005713146443805854,0.0510204081632653
2022-09-30,Communication Services,-0.0014277015684985845,0.01020408163265306
2022-09-30,Consumer Cyclical,-0.0010181707579603756,0.0510204081632653
2022-09-30,Consumer Defensive,-0.010089250971612665,0.13265306122448978
2022-09-30,Energy,-0.017296419754462083,0.16326530612244897
2022-09-30,Financial Services,-0.005625332200136621,0.12244897959183672
2022-09-30,Healthcare,-0.0027097333137297585,0.12244897959183672
2022-09-30,Industrials,-0.0133738497625378,0.12244897959183672
2022-09-30,Real Estate,-0.0016276074124247162,0.01020408163265306
2022-09-30,Technology,-0.009781572460428501,0.09183673469387754
2022-09-30,Utilities,-0.015257151100902614,0.12244897959183672
2022-10-31,Basic Materials,0.009115557424940276,0.0510204081632653
2022-10-31,Consumer Cyclical,0.005757643679602109,0.0510204081632653
2022-10-31,Consumer Defensive,0.011422521739405108,0.11224489795918366
2022-10-31,Energy,0.03362256240134081,0.16326530612244897
2022-10-31,Financial Services,0.014663156810161877,0.13265306122448978
2022-10-31,Healthcare,0.01712731754921638,0.13265306122448978
2022-10-31,Industrials,0.018538386141812472,0.15306122448979592
2022-10-31,Real Estate,0.0002794574173896949,0.01020408163265306
2022-10-31,Technology,0.0021857986004250388,0.06122448979591836
2022-10-31,Utilities,0.003794755586477687,0.13265306122448978
2022-11-30,Basic Materials,0.001468401268580563,0.0510204081632653
2022-11-30,Consumer Cyclical,0.0019396039627284508,0.04081632653061224
2022-11-30,Consumer Defensive,0.0017292177214360007,0.11224489795918366
2022-11-30,Energy,0.0015704664277009805,0.14285714285714285
2022-11-30,Financial Services,0.004710063427104661,0.15306122448979592
2022-11-30,Healthcare,0.010011504594497995,0.17346938775510204
2022-11-30,Industrials,0.0030609239565888907,0.13265306122448978
2022-11-30,Real Estate,-0.0009632462444930224,0.01020408163265306
2022-11-30,Technology,0.008790035020813453,0.06122448979591836
2022-11-30,Utilities,0.011301569475851788,0.12244897959183672
2022-12-31,Basic Materials,-0.006723823082844031,0.0510204081632653
2022-12-31,Communication Services,-0.0007720785080258541,0.01020408163265306
2022-12-31,Consumer Cyclical,-0.0024826207354199264,0.07142857142857142
2022-12-31,Consumer Defensive,-0.0036022229059137195,0.12244897959183672
2022-12-31,Energy,-0.007511870936958189,0.14285714285714285
2022-12-31,Financial Services,-0.005349134925956049,0.15306122448979592
2022-12-31,Healthcare,-0.0032163019438161073,0.1836734693877551
2022-12-31,Industrials,-0.00305482265126013,0.13265306122448978
2022-12-31,Real Estate,-0.0013787224799996316,0.01020408163265306
2022-12-31,Technology,-0.0020743690974360674,0.06122448979591836
2022-12-31,Utilities,-0.0048393488103617285,0.06122448979591836
2023-01-31,Basic Materials,0.006078291718779905,0.0510204081632653
2023-01-31,Communication Services,0.001927975767701611,0.02040816326530612
2023-01-31,Consumer Cyclical,0.002185102920657311,0.06122448979591836
2023-01-31,Consumer Defensive,-0.0004350906917173978,0.1020408163265306
2023-01-31,Energy,0.004255793157084697,0.15306122448979592
2023-01-31,Financial Services,0.0022451547412428107,0.15306122448979592
2023-01-31,Healthcare,-0.0017155283756005609,0.1836734693877551
2023-01-31,Industrials,0.001316908451322435,0.13265306122448978
2023-01-31,Real Estate,0.001780154354288601,0.01020408163265306
2023-01-31,Technology,0.0016135787504362384,0.06122448979591836
2023-01-31,Utilities,0.00031899306197366725,0.07142857142857142
2023-02-28,Basic Materials,0.0015569384075376713,0.06122448979591836
2023-02-28,Communication Services,-0.0004872764618822183,0.01020408163265306
2023-02-28,Consumer Cyclical,0.0005898319303562103,0.06122448979591836
2023-02-28,Consumer Defensive,-0.0010894406264772751,0.08163265306122448
2023-02-28,Energy,-0.011048629509993801,0.16326530612244897
2023-02-28,Financial Services,-0.0033482192000932037,0.16326530612244897
2023-02-28,Healthcare,-0.012417960460711705,0.21428571428571433
2023-02-28,Industrials,0.0011012133567685242,0.13265306122448978
2023-02-28,Technology,-0.0011592097624608287,0.04081632653061224
2023-02-28,Utilities,-0.003977090804449874,0.07142857142857142
2023-03-31,Basic Materials,-0.004972658075514017,0.07142857142857142
2023-03-31,Communication Services,0.00019090756866556733,0.01020408163265306
2023-03-31,Consumer Cyclical,0.001586732116469116,0.1020408163265306
2023-03-31,Consumer Defensive,0.001996298536037015,0.0510204081632653
2023-03-31,Energy,-0.00010249143397326246,0.14285714285714285
2023-03-31,Financial Services,-0.011128376486482388,0.14285714285714285
2023-03-31,Healthcare,-0.004553690824382923,0.1836734693877551
2023-03-31,Industrials,-0.002581722284663885,0.17346938775510204
2023-03-31,Technology,0.001369245917722812,0.09183673469387754
2023-03-31,Utilities,0.0007085259000053479,0.030612244897959183
2023-04-30,Basic Materials,0.00033159123901670704,0.06122448979591836
2023-04-30,Communication Services,-6.622548091302346e-05,0.01020408163265306
2023-04-30,Consumer Cyclical,0.0035591002202672002,0.12244897959183672
2023-04-30,Consumer Defensive,0.0018804269372435548,0.06122448979591836
2023-04-30,Energy,-0.0013950195865592295,0.08163265306122448
2023-04-30,Financial Services,0.0023831722584927916,0.12244897959183672
2023-04-30,Healthcare,0.001261436972512324,0.16326530612244897
2023-04-30,Industrials,-0.003500083352595928,0.21428571428571433
2023-04-30,Technology,-0.011192390599563385,0.15306122448979592
2023-04-30,Utilities,-0.00010686835104890816,0.01020408163265306
2023-05-31,Basic Materials,3.606055575948756e-06,0.030612244897959183
2023-05-31,Communication Services,-0.0015918712511560642,0.02040816326530612
2023-05-31,Consumer Cyclical,-0.015128352940494545,0.2244897959183674
2023-05-31,Consumer Defensive,-0.0030677289001118813,0.08163265306122448
2023-05-31,Energy,-0.0033313432508814186,0.0510204081632653
2023-05-31,Financial Services,-0.0031201990789976063,0.0510204081632653
2023-05-31,Healthcare,-0.001086655592612314,0.16326530612244897
2023-05-31,Industrials,-0.00024394987497399588,0.21428571428571433
2023-05-31,Technology,0.011006670947300123,0.16326530612244897
2023-06-30,Basic Materials,0.003596014442055217,0.030612244897959183
2023-06-30,Communication Services,0.0016564204001603764,0.02040816326530612
2023-06-30,Consumer Cyclical,0.020246961088744003,0.23469387755102047
2023-06-30,Consumer Defensive,-0.002091976978136078,0.07142857142857142
2023-06-30,Energy,0.0024011237089577465,0.04081632653061224
2023-06-30,Financial Services,0.006496674693575602,0.07142857142857142
2023-06-30,Healthcare,0.00858267284517249,0.19387755102040818
2023-06-30,Industrials,0.02889211843083129,0.20408163265306126
2023-06-30,Technology,0.006460554573644672,0.12244897959183672
2023-06-30,Utilities,0.000511753495417906,0.01020408163265306
2023-07-31,Basic Materials,-0.0007204317454468102,0.030612244897959183
2023-07-31,Communication Services,0.002837681591297645,0.030612244897959183
2023-07-31,Consumer Cyclical,0.004550889192310742,0.19387755102040818
2023-07-31,Consumer Defensive,-0.001590443719582565,0.06122448979591836
2023-07-31,Financial Services,0.003399925331065911,0.04081632653061224
2023-07-31,Healthcare,-0.0008845851968183366,0.16326530612244897
2023-07-31,Industrials,0.008328065151252676,0.23469387755102047
2023-07-31,Technology,0.0071578383083465025,0.24489795918367346
2023-08-31,Basic Materials,0.00048612483130156887,0.04081632653061224
2023-08-31,Communication Services,-0.0004159223608437286,0.02040816326530612
2023-08-31,Consumer Cyclical,-0.01606524761403683,0.23469387755102047
2023-08-31,Consumer Defensive,-0.0010143060197084928,0.02040816326530612
2023-08-31,Energy,0.0008035111942812387,0.01020408163265306
2023-08-31,Financial Services,-0.0018179012780757324,0.030612244897959183
2023-08-31,Healthcare,-0.002373749243791557,0.11224489795918366
2023-08-31,Industrials,0.00038356552623824416,0.2959183673469388
2023-08-31,Technology,-0.00037465969706695153,0.23469387755102047
2023-09-30,Basic Materials,-0.0004495091091875101,0.06122448979591836
2023-09-30,Communication Services,-0.0006347675473104092,0.04081632653061224
2023-09-30,Consumer Cyclical,-0.013870413750197284,0.21428571428571433
2023-09-30,Consumer Defensive,-2.423945581674189e-05,0.02040816326530612
2023-09-30,Energy,0.0011479208423338999,0.02040816326530612
2023-09-30,Financial Services,-0.0005374574840421938,0.07142857142857142
2023-09-30,Healthcare,-0.008653752348419055,0.11224489795918366
2023-09-30,Industrials,-0.020249571542243452,0.28571428571428575
2023-09-30,Technology,-0.01387852602252635,0.17346938775510204
2023-10-31,Basic Materials,-0.0018788910373769752,0.06122448979591836
2023-10-31,Communication Services,6.424653144080814e-05,0.030612244897959183
2023-10-31,Consumer Cyclical,-0.006842646014763,0.19387755102040818
2023-10-31,Consumer Defensive,0.0005907600101362234,0.01020408163265306
2023-10-31,Energy,-0.0005224283601510111,0.02040816326530612
2023-10-31,Financial Services,-0.0007898737303952591,0.0510204081632653
2023-10-31,Healthcare,-0.007553631703553058,0.12244897959183672
2023-10-31,Industrials,-0.019958180235547848,0.2959183673469388
2023-10-31,Technology,-0.004777598561353261,0.21428571428571433
2023-11-30,Basic Materials,0.005573437584487734,0.06122448979591836
2023-11-30,Communication Services,0.0008314201286472387,0.0510204081632653
2023-11-30,Consumer Cyclical,0.02192675572650981,0.17346938775510204
2023-11-30,Consumer Defensive,-0.0003155566096769561,0.01020408163265306
2023-11-30,Energy,0.0011215242616804612,0.04081632653061224
2023-11-30,Financial Services,0.010682063892613093,0.07142857142857142
2023-11-30,Healthcare,0.007905907768364185,0.06122448979591836
2023-11-30,Industrials,0.03330352294748705,0.2653061224489796
2023-11-30,Technology,0.0350565889201683,0.2653061224489796
2023-12-31,Basic Materials,0.0032727135750254483,0.0510204081632653
2023-12-31,Communication Services,0.0030668088578394027,0.06122448979591836
2023-12-31,Consumer Cyclical,0.021733418694519058,0.19387755102040818
2023-12-31,Consumer Defensive,-0.00013658420115995206,0.02040816326530612
2023-12-31,Energy,-9.405383616796836e-05,0.02040816326530612
2023-12-31,Financial Services,-0.0026789180569718346,0.08163265306122448
2023-12-31,Healthcare,0.00467633965372725,0.06122448979591836
2023-12-31,Industrials,0.01539197699313075,0.21428571428571433
2023-12-31,Real Estate,-0.00021759075984311528,0.030612244897959183
2023-12-31,Technology,0.019668704647547053,0.2653061224489796
2024-01-31,Basic Materials,0.0019778993814970405,0.04081632653061224
2024-01-31,Communication Services,0.001784903566328255,0.04081632653061224
2024-01-31,Consumer Cyclical,-0.0010682694409946815,0.12244897959183672
2024-01-31,Consumer Defensive,-0.0010748474498787225,0.01020408163265306
2024-01-31,Energy,0.0002118825077740969,0.02040816326530612
2024-01-31,Financial Services,0.00588343470250342,0.11224489795918366
2024-01-31,Healthcare,-5.44530147599786e-05,0.09183673469387754
2024-01-31,Industrials,0.001542972130142707,0.21428571428571433
2024-01-31,Real Estate,3.16515709759306e-05,0.02040816326530612
2024-01-31,Technology,0.01091098844141023,0.32653061224489793
2024-02-29,Basic Materials,0.00020297546986704177,0.030612244897959183
2024-02-29,Communication Services,0.005407966599181375,0.06122448979591836
2024-02-29,Consumer Cyclical,0.008898004800957093,0.1836734693877551
2024-02-29,Consumer Defensive,0.001266241114624916,0.02040816326530612
2024-02-29,Financial Services,0.002960334461353775,0.07142857142857142
2024-02-29,Healthcare,0.008848337947882494,0.06122448979591836
2024-02-29,Industrials,0.03505149435192582,0.2244897959183674
2024-02-29,Real Estate,-0.0003340073866060469,0.01020408163265306
2024-02-29,Technology,0.03037026399839227,0.32653061224489793
2024-02-29,Utilities,0.0004386385892966745,0.01020408163265306
2024-03-31,Basic Materials,0.0030491549851668956,0.030612244897959183
2024-03-31,Communication Services,0.001377180853569514,0.04081632653061224
2024-03-31,Consumer Cyclical,0.012191749133165555,0.15306122448979592
2024-03-31,Consumer Defensive,-0.0011728856223566918,0.02040816326530612
2024-03-31,Energy,0.0034372700828644203,0.02040816326530612
2024-03-31,Financial Services,0.0035183388828079,0.1020408163265306
2024-03-31,Healthcare,0.003982172681160988,0.11224489795918366
2024-03-31,Industrials,0.009197612360190142,0.20408163265306126
2024-03-31,Technology,0.0023602054811578117,0.3061224489795919
2024-03-31,Utilities,0.002281713243573972,0.01020408163265306
2024-04-30,Basic Materials,-0.0009381962204988053,0.06122448979591836
2024-04-30,Communication Services,-0.0006513424086801356,0.04081632653061224
2024-04-30,Consumer Cyclical,-0.01158523480514283,0.15306122448979592
2024-04-30,Consumer Defensive,-0.0008607761004069398,0.02040816326530612
2024-04-30,Energy,-0.0022592191498647,0.02040816326530612
2024-04-30,Financial Services,-0.002975992532308098,0.07142857142857142
2024-04-30,Healthcare,-0.005301418793771017,0.08163265306122448
2024-04-30,Industrials,-0.008224336902626188,0.20408163265306126
2024-04-30,Real Estate,-0.0003726254829578683,0.01020408163265306
2024-04-30,Technology,-0.01952694870479013,0.32653061224489793
2024-04-30,Utilities,0.0008114985136062561,0.01020408163265306
2024-05-31,Basic Materials,0.0009598087814809215,0.0510204081632653
2024-05-31,Communication Services,0.002917599844441839,0.030612244897959183
2024-05-31,Consumer Cyclical,0.003309317718154498,0.15306122448979592
2024-05-31,Consumer Defensive,0.0008589185131305804,0.030612244897959183
2024-05-31,Energy,-0.00023243568564478568,0.030612244897959183
2024-05-31,Financial Services,0.006255358183441926,0.20408163265306126
2024-05-31,Healthcare,0.0075062986805684295,0.08163265306122448
2024-05-31,Industrials,0.011467846341493199,0.19387755102040818
2024-05-31,Real Estate,0.0006731474778791939,0.030612244897959183
2024-05-31,Technology,0.011370364092502932,0.1836734693877551
2024-05-31,Utilities,0.0011696708218547763,0.01020408163265306
2024-06-30,Basic Materials,-0.001016131419076955,0.04081632653061224
2024-06-30,Communication Services,0.001996274736680649,0.030612244897959183
2024-06-30,Consumer Cyclical,0.0032117168028055853,0.1020408163265306
2024-06-30,Consumer Defensive,0.001355333704242609,0.04081632653061224
2024-06-30,Energy,-0.00022539394618779692,0.04081632653061224
2024-06-30,Financial Services,-0.001975239119282965,0.19387755102040818
2024-06-30,Healthcare,0.00194925092529062,0.06122448979591836
2024-06-30,Industrials,-0.008487436464339384,0.20408163265306126
2024-06-30,Real Estate,0.0012953691122844753,0.02040816326530612
2024-06-30,Technology,0.013234741020116644,0.25510204081632654
2024-06-30,Utilities,-0.00039556711924548777,0.01020408163265306
2024-07-31,Basic Materials,0.002099985392304606,0.030612244897959183
2024-07-31,Communication Services,0.00038566597784310595,0.02040816326530612
2024-07-31,Consumer Cyclical,0.0018038387000319802,0.1020408163265306
2024-07-31,Consumer Defensive,0.002009834188763847,0.030612244897959183
2024-07-31,Energy,0.001279053643508193,0.06122448979591836
2024-07-31,Financial Services,0.017013958733572022,0.24489795918367346
2024-07-31,Healthcare,0.0031924735792613615,0.0510204081632653
2024-07-31,Industrials,0.009904879966852341,0.19387755102040818
2024-07-31,Real Estate,0.001664446106031999,0.030612244897959183
2024-07-31,Technology,-0.007572236428395649,0.2244897959183674
2024-07-31,Utilities,-0.00035254258312542345,0.01020408163265306
2024-08-31,Basic Materials,-0.001531596799368395,0.02040816326530612
2024-08-31,Communication Services,0.0007594933124876499,0.04081632653061224
2024-08-31,Consumer Cyclical,0.006128707420906583,0.1020408163265306
2024-08-31,Consumer Defensive,0.0012841530368615022,0.030612244897959183
2024-08-31,Energy,-0.00011258725431941637,0.0510204081632653
2024-08-31,Financial Services,0.009727848715717495,0.20408163265306126
2024-08-31,Healthcare,0.01446106027524441,0.1020408163265306
2024-08-31,Industrials,0.004735387404427113,0.15306122448979592
2024-08-31,Real Estate,0.002415336350820602,0.02040816326530612
2024-08-31,Technology,0.010419313183551708,0.2653061224489796
2024-08-31,Utilities,0.0013987257426788815,0.01020408163265306
2024-09-30,Basic Materials,0.002419942780598268,0.02040816326530612
2024-09-30,Communication Services,0.0024472734445070794,0.0510204081632653
2024-09-30,Consumer Cyclical,0.004628845436304933,0.09183673469387754
2024-09-30,Consumer Defensive,-0.00027405917467132856,0.030612244897959183
2024-09-30,Energy,-0.0011877130614571438,0.01020408163265306
2024-09-30,Financial Services,0.0024407791025952506,0.25510204081632654
2024-09-30,Healthcare,0.001984816856261362,0.12244897959183672
2024-09-30,Industrials,0.01049100210075335,0.14285714285714285
2024-09-30,Real Estate,0.0006214800054683326,0.01020408163265306
2024-09-30,Technology,0.012946044538789978,0.25510204081632654
2024-09-30,Utilities,0.000731005380765099,0.01020408163265306
2024-10-31,Basic Materials,0.0014568641599787674,0.02040816326530612
2024-10-31,Communication Services,0.0019029603977367528,0.04081632653061224
2024-10-31,Consumer Cyclical,-0.0033943000301244514,0.1020408163265306
2024-10-31,Consumer Defensive,-0.0005591881255077091,0.030612244897959183
2024-10-31,Energy,0.0006438428848515602,0.01020408163265306
2024-10-31,Financial Services,0.005056399241229618,0.2755102040816327
2024-10-31,Healthcare,-0.007140059194861783,0.12244897959183672
2024-10-31,Industrials,-0.001850196114208819,0.16326530612244897
2024-10-31,Real Estate,0.0005519852654320989,0.02040816326530612
2024-10-31,Technology,0.0022332469218280786,0.20408163265306126
2024-10-31,Utilities,-7.840547115589286e-05,0.01020408163265306
2024-11-30,Basic Materials,0.0036436210542539842,0.01020408163265306
2024-11-30,Communication Services,0.002835890100555163,0.030612244897959183
2024-11-30,Consumer Cyclical,0.011184576775584237,0.13265306122448978
2024-11-30,Consumer Defensive,0.001823275604652445,0.02040816326530612
2024-11-30,Financial Services,0.025615351551281283,0.19387755102040818
2024-11-30,Healthcare,0.0027996681323409303,0.12244897959183672
2024-11-30,Industrials,0.015081474127997792,0.2244897959183674
2024-11-30,Real Estate,0.00228198209406889,0.04081632653061224
2024-11-30,Technology,0.005725463254867867,0.20408163265306126
2024-11-30,Utilities,0.001875430002807966,0.02040816326530612
2024-12-31,Basic Materials,-0.0012244903268675519,0.01020408163265306
2024-12-31,Communication Services,-0.0012787727646766593,0.030612244897959183
2024-12-31,Consumer Cyclical,-0.007599948715736587,0.12244897959183672
2024-12-31,Consumer Defensive,-0.0012278113219711254,0.01020408163265306
2024-12-31,Financial Services,-0.021451391556138972,0.2755102040816327
2024-12-31,Healthcare,-0.01043337414673067,0.11224489795918366
2024-12-31,Industrials,-0.015808005756299023,0.21428571428571433
2024-12-31,Real Estate,-0.0015582174772958183,0.030612244897959183
2024-12-31,Technology,0.0017769944559727347,0.17346938775510204
2024-12-31,Utilities,-0.0012551462840524876,0.02040816326530612
