Date,Value,Momentum,Composite_50_50,Composite_70_30,Composite_30_70
2018-02-28,0.0,0.0,0.0,0.0,0.0
2018-03-31,-0.004391621412622976,0.005010440770545161,0.0,0.0,0.0
2018-04-30,-0.0012704655077475507,0.006654674139857672,0.0,0.0,0.0
2018-05-31,0.003985850977902633,0.031063819092641026,0.0,0.0,0.0
2018-06-30,0.015762865422547914,-0.0012015335580949583,0.0,0.0,0.0
2018-07-31,0.020998900114971894,0.026406966080916344,0.0,0.0,0.0
2018-08-31,0.03389775812839213,0.026601746933416714,0.0,0.0,0.0
2018-09-30,-0.0021060954917268395,-0.006319872911337458,0.0,0.0,0.0
2018-10-31,-0.0668134202772552,-0.07151802762980006,0.0,0.0,0.0
2018-11-30,0.017740104373273783,0.031402564031616884,0.0,0.0,0.0
2018-12-31,-0.1154606384081012,-0.09621347073355511,0.0,0.0,0.0
2019-01-31,0.10102666151255524,0.10416875325898678,0.0,0.0,0.0
2019-02-28,0.05053846556206651,0.05030165503864659,0.0,0.0,0.0
2019-03-31,-0.026447702636493133,0.01913974575895077,0.026677416220474252,0.025442874344841916,0.026677416220474252
2019-04-30,0.04451845636620446,0.02262905706285532,0.022988593929358307,0.0236153306495622,0.02051645530389667
2019-05-31,-0.07333451627948201,-0.03770566521031783,-0.030210107849063018,-0.02952331406150042,-0.030210107849063018
2019-06-30,0.05783762497249875,0.07695499616194268,0.07035346573315736,0.07035346573315736,0.06956915147681773
2019-07-31,0.001240365060766178,0.018520002321934036,0.02237763868501013,0.02253322551142143,0.02259803632215549
2019-08-31,-0.034380264990155944,0.013868014428088736,0.021051005634367084,0.019288701985497616,0.02043092729721257
2019-09-30,0.04345721343406615,-0.013314711818454473,-0.014730807394081055,-0.014528003826843081,-0.015456184084690586
2019-10-31,0.01776881531404029,0.010105286304281619,0.007249734294318726,0.008630944253816395,0.007814697569742329
2019-11-30,0.04066775806248006,0.017681894495390215,0.020055759882941646,0.020255346629933092,0.012011048523472463
2019-12-31,0.029528814577614033,0.019625846925624035,0.020612771773340123,0.020888492488335172,0.021339141409791748
2020-01-31,-0.0359254760104947,0.01337973994006556,0.017613303499109216,0.017692377797564534,0.017051868203092478
2020-02-29,-0.09605185060745104,-0.07777346736932045,-0.07283933060200323,-0.07419307946969628,-0.07229555586972874
2020-03-31,-0.2529471220219524,-0.15851036997283285,-0.15618082032080108,-0.16154646332410855,-0.15770359617222468
2020-04-30,0.16284523671618514,0.14216053868218184,0.15946734070456456,0.15996375918317907,0.15969494080644006
2020-05-31,0.03744015757387339,0.08268175722717303,0.07926216001804547,0.08231682785129321,0.07743142451422577
2020-06-30,0.033780585075228714,0.013151404487058533,0.015583434516403186,0.01562380308204417,0.015557501498836201
2020-07-31,0.041106026578117634,0.0636152156626246,0.06695947927840662,0.06563422996728488,0.0656892253710053
2020-08-31,0.02766400878166711,0.04045407439375078,0.040749240345553266,0.04443488034313159,0.04241883780383747
2020-09-30,-0.040956665513403004,-0.019693420694634128,-0.023312506362230617,-0.02487564069570285,-0.022450472229558247
2020-10-31,0.013545608681502744,0.00027545105408538235,-0.0032460116975846437,-0.0036820568683465908,-0.0041650859131320064
2020-11-30,0.18327162195369792,0.13715548369325636,0.12500118478240252,0.1258484446913511,0.1180432804485102
2020-12-31,0.03720308199723371,0.0841461548885784,0.04382945090125684,0.043874241975208214,0.042464114198580906
2021-01-31,0.024725621890229813,0.09253816527036873,0.013827689813194387,0.013957249155345419,0.013827689813194387
2021-02-28,0.11458718167705459,0.05780890311088044,0.0424409658610182,0.041083435120726715,0.04353233190989313
2021-03-31,0.03991306509569552,-0.006822208714649676,0.00035101393342523105,0.0035755768790374162,0.0013244693344675363
2021-04-30,0.048578643922441586,0.012316686714030852,0.04360850809211615,0.04682136890837999,0.04532793127562357
2021-05-31,0.030753577241949867,0.004369832777578448,0.026185837938764035,0.02772896684053531,0.0223721770687109
2021-06-30,0.008415213999341763,0.020530409513193886,0.031759446139889125,0.02377541325363876,0.027604727925621086
2021-07-31,-0.03678245993069995,-0.037482139661000655,-0.026180850143940317,-0.024885208523432616,-0.026097272191589686
2021-08-31,0.02023058654979008,0.03303394252753339,0.03034731975097235,0.03441850141540294,0.028308627952725214
2021-09-30,-0.021902488308347654,-0.02310876857554427,-0.0189362850999395,-0.021645773851650764,-0.0189362850999395
2021-10-31,0.02446886556918345,0.059060300015582316,0.06812631633432542,0.061467232881435206,0.06812631633432542
2021-11-30,-0.04602110774234035,-0.03320564858290424,-0.04308700876292479,-0.045808160122520675,-0.043378926211218916
2021-12-31,0.02811310399757984,-0.0035225014830583086,0.011701241377877059,0.012123661564279496,0.011865773276258037
2022-01-31,-0.014731414604144987,-0.07915438515346986,-0.04746018473954641,-0.04541171410659592,-0.04833450574966495
2022-02-28,-0.002547663107053375,0.0037887404473464607,0.007800411127357233,0.008795874525351662,0.006649745925307037
2022-03-31,0.010096098193703181,0.035953156681300336,0.04314892404431847,0.04024515733169334,0.04238500872681461
2022-04-30,-0.06511473527985978,-0.06672887551042848,-0.06309738273770732,-0.05852405677836376,-0.06436204330652143
2022-05-31,0.018732989557361347,0.015263469568495367,0.017909301656674266,0.019730351827207566,0.017790263110349466
2022-06-30,-0.0934517793344522,-0.08715248350606003,-0.0887530946471971,-0.0898654146322426,-0.08901602686904901
2022-07-31,0.06145738111898141,0.07571499838238796,0.0787135895309646,0.07746431992331973,0.07920139445722568
2022-08-31,-0.022601851431648595,-0.005639304298354493,0.0011855476386432376,0.0001545525249182461,0.00014564898499879906
2022-09-30,-0.09615636255962465,-0.08263683297133508,-0.08391993574649957,-0.08384270115764111,-0.08339055594009151
2022-10-31,0.10478752078333499,0.11484704255335035,0.11650715735077145,0.11727615265166733,0.11650715735077145
2022-11-30,0.055096328346244366,0.043876952622736845,0.04361853961080976,0.045098999766524914,0.04358580071060724
2022-12-31,-0.044683789637721266,-0.04325971096875168,-0.04100531607799143,-0.04057780090687352,-0.04100531607799143
2023-01-31,0.10427162070459815,0.026312504281559786,0.01957133385616932,0.020486528299519625,0.019900667548578735
2023-02-28,-0.03975704658728331,-0.02316496107504767,-0.030279843131406498,-0.029520908328028648,-0.028710591276176256
2023-03-31,-0.07345864043792519,-0.019979518169417804,-0.017487229066116616,-0.021502253220815913,-0.017298617707889083
2023-04-30,-0.0007202844074207966,-0.013862522623700746,-0.006844859743147899,-0.006265954029069009,-0.009116254543960707
2023-05-31,-0.04352946610061061,-0.009042331661774358,-0.016559823886351754,-0.01924301268333601,-0.01654612576076925
2023-06-30,0.0919384007540999,0.06486075697630435,0.07675231670042322,0.0775757126882341,0.07675231670042322
2023-07-31,0.07366248566987374,0.03139564962508166,0.023078938912425767,0.022386032138732893,0.0207014306753555
2023-08-31,-0.031217846022926363,-0.02060937121095919,-0.020388584661702243,-0.023339459206650964,-0.020388584661702243
2023-09-30,-0.038481844353352175,-0.06591228819277409,-0.0571503164174091,-0.05555664671970058,-0.05692745022432988
2023-10-31,-0.040108387737899015,-0.053199352646749035,-0.041668243101563376,-0.0412461537309793,-0.041668243101563376
2023-11-30,0.10460947450891064,0.11829274170888542,0.11608566462028092,0.11885434766572742,0.11608566462028092
2023-12-31,0.09424588389817998,0.06903000372663126,0.0646828155676461,0.06445882466436421,0.0646828155676461
2024-01-31,-0.00925745167718219,0.013758943963521588,0.020146162394998297,0.02168553309452409,0.019668220562006948
2024-02-29,0.027549303113665567,0.08842816958567906,0.0931102499468754,0.09377220605747424,0.09276077057877521
2024-03-31,0.04804970474053476,0.04577445858595697,0.04022251208130051,0.04009954428491331,0.04216813711061359
2024-04-30,-0.054842382316150864,-0.05986614191477819,-0.051884592587440465,-0.050585311806500735,-0.051884592587440465
2024-05-31,0.04421145642467346,0.03147056135024352,0.0462558947693035,0.047772839117752174,0.04441282603458589
2024-06-30,-0.009570545549254749,-0.00011882954416392397,0.010942918233287994,0.0010937420068649613,0.01140245436531635
2024-07-31,0.07531110947076963,0.04406298924210844,0.03142935727664838,0.03672642908748901,0.0332842345241204
2024-08-31,0.03616094992492214,0.0383485835907182,0.04968584138900813,0.052136524558663286,0.05124857425264597
2024-09-30,0.03296527135729269,0.032746730802426786,0.03724941740991518,0.03676469149147688,0.03833962871989034
2024-10-31,-0.0073368199776930095,0.007589488474361309,-0.0011768500648017773,-0.0005881100198155301,-0.0016378260911219839
2024-11-30,0.06702677535634019,0.0814536565049018,0.07286673269841054,0.07104902701677253,0.07595832479548384
2024-12-31,-0.07800890894473497,-0.06532410841304329,-0.06006016389379616,-0.059987018284967095,-0.06006016389379616
